{"stats":{"minecraft:picked_up":{"minecraft:wheat_seeds":1},"minecraft:mined":{"minecraft:short_grass":4},"minecraft:used":{"minecraft:end_portal_frame":9,"minecraft:light":1},"minecraft:dropped":{"minecraft:wheat_seeds":1},"minecraft:custom":{"minecraft:jump":34,"minecraft:time_since_rest":4818,"minecraft:damage_dealt":71,"minecraft:sprint_one_cm":1300,"minecraft:play_time":4818,"minecraft:damage_taken":20,"minecraft:time_since_death":4818,"minecraft:walk_one_cm":3607,"minecraft:sneak_time":281,"minecraft:total_world_time":4818,"minecraft:drop":1,"minecraft:fall_one_cm":613,"minecraft:fly_one_cm":39255}},"DataVersion":3953}