{
  "minecraft:adventure/minecraft_trials_edition": {
    "criteria": {
      "minecraft_trials_edition": "2024-10-23 01:23:55 +0000"
    },
    "done": true
  },
  "minecraft:recipes/decorations/crafting_table": {
    "criteria": {
      "unlock_right_away": "2024-10-23 01:20:31 +0000"
    },
    "done": true
  },
  "minecraft:story/follow_ender_eye": {
    "criteria": {
      "in_stronghold": "2024-10-23 01:23:46 +0000"
    },
    "done": true
  },
  "minecraft:adventure/adventuring_time": {
    "criteria": {
      "minecraft:forest": "2024-10-23 01:20:32 +0000",
      "minecraft:river": "2024-10-23 01:23:52 +0000",
      "minecraft:plains": "2024-10-23 01:20:39 +0000"
    },
    "done": false
  },
  "DataVersion": 3953
}